loan_status	loan_type_new	sanction_amount	high_credit_amount	creditlimit	date_opened	date_closed	pay_hist_start_date	ownership_type	over_due_amount	dpd_string	sector	crn	loan_type	report_month	report_month_date	out_standing_balance	last_payment_date	dpd_date_new	scrub_date	replaced_string	mob3_dr	dpd_string_1	tl_vin_1	dpdf1	dpdf2	dpdf3	dpdf4	dpdf5	dpdf6	dpdf7	dpdf8	dpdf9	dpdf10	dpdf11	dpdf12	dpdf13	dpdf14	dpdf15	dpdf16	dpdf17	dpdf18	dpdf19	dpdf20	dpdf21	dpdf22	dpdf23	dpdf24	dpdf25	dpdf26	dpdf27	dpdf28	dpdf29	dpdf30	dpdf31	dpdf32	dpdf33	dpdf34	dpdf35	dpdf36
Closed	Auto Loan (Personal)	148000	148000	NULL	2012-02-16	2013-09-29	2013-09-01	Individual	0	XXX000000000000000000000000000000XXX000XXX000000000000	NOT DISCLOSED	100384958	Auto Loan	202601	20260101	0	2013-08-15	2013-09-29	2025-12-31	000000000000000000000000000000000000000000000000000000	1	000000000000000000000000000000000000000000000000000000000000000000000000000000000000000000000000000000000000	147	0	0	0	0	0	0	0	0	0	0	0	0	0	0	0	0	0	0	0	0	0	0	0	0	0	0	0	0	0	0	0	0	0	0	0	0	
Closed	Auto Loan (Personal)	113651	113651	NULL	2017-01-11	2017-05-12	2017-05-01	Individual	0	000000000000000	KOTAK PRIME	100384958	Auto Loan	202601	20260101	0	2017-05-05	2017-05-12	2025-12-31	000000000000000	1	000000000000000000000000000000000000000000000000000000000000000000000000000000000000000000000000000000000000	103	0	0	0	0	0	0	0	0	0	0	0	0	0	0	0	0	0	0	0	0	0	0	0	0	0	0	0	0	0	0	0	0	0	0	0	0	
Closed	Auto Loan (Personal)	330000	330000	NULL	2013-09-30	2017-05-09	2017-05-01	Individual	0	000000000000000000000000000000000000000000000000000000000000000000000000000000000000000XXX000000000000000000	KOTAK PRIME	100384958	Auto Loan	202601	20260101	0	2017-05-02	2017-05-09	2025-12-31	000000000000000000000000000000000000000000000000000000000000000000000000000000000000000000000000000000000000	1	000000000000000000000000000000000000000000000000000000000000000000000000000000000000000000000000000000000000	103	0	0	0	0	0	0	0	0	0	0	0	0	0	0	0	0	0	0	0	0	0	0	0	0	0	0	0	0	0	0	0	0	0	0	0	0	
Closed	Auto Loan (Personal)	685761	685761	NULL	2020-11-20	2023-08-01	2023-08-01	Individual	0	000000000000000000000000000000000000000000000000000000000000000000000000000000000000000000000000000000	NOT DISCLOSED	100384958	Auto Loan	202601	20260101	0	2023-08-01	2023-08-01	2025-12-31	000000000000000000000000000000000000000000000000000000000000000000000000000000000000000000000000000000	1	000000000000000000000000000000000000000000000000000000000000000000000000000000000000000000000000000000000000	28	0	0	0	0	0	0	0	0	0	0	0	0	0	0	0	0	0	0	0	0	0	0	0	0	0	0	0	0	0	0	0	0	0	0	0	0	
Closed	Auto Loan (Personal)	180332	180332	NULL	2014-09-24	2016-06-24	2016-06-01	Individual	0	000000000000000000000000000000000000000000000000000000XXX000000000	KOTAK PRIME	100384958	Auto Loan	202601	20260101	0	2016-06-16	2016-06-24	2025-12-31	000000000000000000000000000000000000000000000000000000000000000000	1	000000000000000000000000000000000000000000000000000000000000000000000000000000000000000000000000000000000000	114	0	0	0	0	0	0	0	0	0	0	0	0	0	0	0	0	0	0	0	0	0	0	0	0	0	0	0	0	0	0	0	0	0	0	0	0	
Closed	Business Loan - General	300000	300000	NULL	2019-11-15	2024-05-15	2024-05-01	Individual	0	000000000000STD000000000000000000000000000000000000000000000000000000000000000000000000000000000000000000030	NOT DISCLOSED	100384958	Business Loan - General	202601	20260101	0	2024-03-18	2024-05-15	2025-12-31	000000000000000000000000000000000000000000000000000000000000000000000000000000000000000000000000000000000030	1	000000000000000000000000000000000000000000000000000000000000000000000000000000000000000000000000000000000030	19	30	0	0	0	0	0	0	0	0	0	0	0	0	0	0	0	0	0	0	0	0	0	0	0	0	0	0	0	0	0	0	0	0	0	0	0	
Live	Business Loan - General	300000	300000	NULL	2024-02-10	NULL	2025-12-01	Individual	0	000000000000000000000000000000000000000000000000000000000000000000000	NOT DISCLOSED	100384958	Business Loan - General	202601	20260101	142490	2025-12-04	2025-12-01	2025-12-31	000000000000000000000000000000000000000000000000000000000000000000000	1	000000000000000000000000000000000000000000000000000000000000000000000000000000000000000000000000000000000000	0	0	0	0	0	0	0	0	0	0	0	0	0	0	0	0	0	0	0	0	0	0	0	0	0	0	0	0	0	0	0	0	0	0	0	0	0	
Closed	Business Loan - Priority Sector - Agriculture	109000	109000	NULL	2020-06-18	2021-07-15	2021-08-01	Individual	0	000XXXXXXXXX000STDSTDSTDSTDSTD000000000000000	NOT DISCLOSED	100384958	Business Loan - Priority Sector - Agriculture	202601	20260101	0	NULL	2021-07-15	2025-12-31	000000000000000000000000000000000000000000000	1	000000000000000000000000000000000000000000000000000000000000000000000000000000000000000000000000000000000000	53	0	0	0	0	0	0	0	0	0	0	0	0	0	0	0	0	0	0	0	0	0	0	0	0	0	0	0	0	0	0	0	0	0	0	0	0	
Closed	Business Loan - Priority Sector - Agriculture	125000	125000	NULL	2020-07-14	2021-09-27	2021-10-01	Individual	0	000XXX000XXXSTDSTDSTDSTDSTDSTDSTDSTD000000000000	NOT DISCLOSED	100384958	Business Loan - Priority Sector - Agriculture	202601	20260101	0	NULL	2021-09-27	2025-12-31	000000000000000000000000000000000000000000000000	1	000000000000000000000000000000000000000000000000000000000000000000000000000000000000000000000000000000000000	51	0	0	0	0	0	0	0	0	0	0	0	0	0	0	0	0	0	0	0	0	0	0	0	0	0	0	0	0	0	0	0	0	0	0	0	0	
Closed	Business Loan - Priority Sector - Agriculture	80000	80000	NULL	2021-07-17	2022-07-13	2022-07-01	Individual	0	STDSTDSTDSTDSTDSTDSTDSTDSTDSTDSTDSTD	NOT DISCLOSED	100384958	Business Loan - Priority Sector - Agriculture	202601	20260101	0	NULL	2022-07-13	2025-12-31	000000000000000000000000000000000000	1	000000000000000000000000000000000000000000000000000000000000000000000000000000000000000000000000000000000000	41	0	0	0	0	0	0	0	0	0	0	0	0	0	0	0	0	0	0	0	0	0	0	0	0	0	0	0	0	0	0	0	0	0	0	0	0	
Closed	Business Loan - Priority Sector - Agriculture	125000	125000	NULL	2021-09-27	2022-09-21	2022-09-01	Individual	0	STDSTDSTDSTDSTDSTDSTDSTDSTDSTDSTDSTDSTD	NOT DISCLOSED	100384958	Business Loan - Priority Sector - Agriculture	202601	20260101	0	NULL	2022-09-21	2025-12-31	000000000000000000000000000000000000000	1	000000000000000000000000000000000000000000000000000000000000000000000000000000000000000000000000000000000000	39	0	0	0	0	0	0	0	0	0	0	0	0	0	0	0	0	0	0	0	0	0	0	0	0	0	0	0	0	0	0	0	0	0	0	0	0	
Closed	Business Loan - Priority Sector - Agriculture	183000	183000	NULL	2014-11-05	2015-11-06	2015-11-01	Individual	0	XXXXXXXXXXXXSTDXXXXXXSTDXXXSTDSTDSTDSTD	NOT DISCLOSED	100384958	Business Loan - Priority Sector - Agriculture	202601	20260101	0	NULL	2015-11-06	2025-12-31	000000000000000000000000000000000000000	1	000000000000000000000000000000000000000000000000000000000000000000000000000000000000000000000000000000000000	121	0	0	0	0	0	0	0	0	0	0	0	0	0	0	0	0	0	0	0	0	0	0	0	0	0	0	0	0	0	0	0	0	0	0	0	0	
Closed	Business Loan - Priority Sector - Agriculture	37000	37000	NULL	NULL	2016-01-13	2024-01-01	Individual	0	000XXXXXXXXXXXXXXXXXXXXXXXXXXXXXXXXXXXXXXXXXXXXXXXXXXXXXXXXXXXXXXXXXXXXXXXXXXXXXXXXXXXXXXXXXXXXXXXXXXXXXXXXX	NOT DISCLOSED	100384958	Business Loan - Priority Sector - Agriculture	202601	20260101	0	NULL	2016-01-13	2025-12-31	000000000000000000000000000000000000000000000000000000000000000000000000000000000000000000000000000000000000	1	000000000000000000000000000000000000000000000000000000000000000000000000000000000000000000000000000000000000	119	0	0	0	0	0	0	0	0	0	0	0	0	0	0	0	0	0	0	0	0	0	0	0	0	0	0	0	0	0	0	0	0	0	0	0	0	
Closed	Business Loan - Priority Sector - Agriculture	75000	75000	NULL	2020-06-18	2021-07-17	2021-08-01	Individual	0	000XXXXXXXXX000STDSTDSTDSTDSTD000000000000000	NOT DISCLOSED	100384958	Business Loan - Priority Sector - Agriculture	202601	20260101	0	NULL	2021-07-17	2025-12-31	000000000000000000000000000000000000000000000	1	000000000000000000000000000000000000000000000000000000000000000000000000000000000000000000000000000000000000	53	0	0	0	0	0	0	0	0	0	0	0	0	0	0	0	0	0	0	0	0	0	0	0	0	0	0	0	0	0	0	0	0	0	0	0	0	
Closed	Consumer Loan	11999	11999	NULL	2021-09-28	2022-04-08	2022-05-01	Individual	0	000000000000000000000000000	NOT DISCLOSED	100384958	Consumer Loan	202601	20260101	0	2022-04-02	2022-04-08	2025-12-31	000000000000000000000000000	1	000000000000000000000000000000000000000000000000000000000000000000000000000000000000000000000000000000000000	44	0	0	0	0	0	0	0	0	0	0	0	0	0	0	0	0	0	0	0	0	0	0	0	0	0	0	0	0	0	0	0	0	0	0	0	0	
Live	Consumer Loan	35108	35108	NULL	2025-05-10	NULL	2025-12-01	Individual	0	000000000000000000000000	NOT DISCLOSED	100384958	Consumer Loan	202601	20260101	7801	2025-12-02	2025-12-01	2025-12-31	000000000000000000000000	1	000000000000000000000000000000000000000000000000000000000000000000000000000000000000000000000000000000000000	0	0	0	0	0	0	0	0	0	0	0	0	0	0	0	0	0	0	0	0	0	0	0	0	0	0	0	0	0	0	0	0	0	0	0	0	0	
Live	Consumer Loan	1049	1049	NULL	2025-10-10	NULL	2025-12-01	Individual	0	000000000	NOT DISCLOSED	100384958	Consumer Loan	202601	20260101	961	2025-12-03	2025-12-01	2025-12-31	000000000	1	000000000000000000000000000000000000000000000000000000000000000000000000000000000000000000000000000000000000	0	0	0	0	0	0	0	0	0	0	0	0	0	0	0	0	0	0	0	0	0	0	0	0	0	0	0	0	0	0	0	0	0	0	0	0	0	
Closed	Consumer Loan	32999	32999	NULL	2024-09-27	2025-04-02	2025-06-01	Individual	0	000000000000000000000000000000	NOT DISCLOSED	100384958	Consumer Loan	202601	20260101	0	2025-04-02	2025-04-02	2025-12-31	000000000000000000000000000000	1	000000000000000000000000000000000000000000000000000000000000000000000000000000000000000000000000000000000000	8	0	0	0	0	0	0	0	0	0	0	0	0	0	0	0	0	0	0	0	0	0	0	0	0	0	0	0	0	0	0	0	0	0	0	0	0	
Closed	Consumer Loan	10999	10999	NULL	2021-10-30	2022-05-10	2022-06-01	Individual	0	000000000000000000000000000	NOT DISCLOSED	100384958	Consumer Loan	202601	20260101	0	2022-04-02	2022-05-10	2025-12-31	000000000000000000000000000	1	000000000000000000000000000000000000000000000000000000000000000000000000000000000000000000000000000000000000	43	0	0	0	0	0	0	0	0	0	0	0	0	0	0	0	0	0	0	0	0	0	0	0	0	0	0	0	0	0	0	0	0	0	0	0	0	
Closed	Consumer Loan	8490	8490	NULL	2020-12-24	2021-05-06	2021-06-01	Individual	0	000000000000000000000	NOT DISCLOSED	100384958	Consumer Loan	202601	20260101	0	2021-04-02	2021-05-06	2025-12-31	000000000000000000000	1	000000000000000000000000000000000000000000000000000000000000000000000000000000000000000000000000000000000000	55	0	0	0	0	0	0	0	0	0	0	0	0	0	0	0	0	0	0	0	0	0	0	0	0	0	0	0	0	0	0	0	0	0	0	0	0	
Closed	Consumer Loan	35000	35000	NULL	2018-02-28	2018-12-15	2021-03-01	Individual	0	000000000000000000000000000000000000000000000000000000000000000000000000000000000000000000000000000000000000	NOT DISCLOSED	100384958	Consumer Loan	202601	20260101	0	2018-11-05	2018-12-15	2025-12-31	000000000000000000000000000000000000000000000000000000000000000000000000000000000000000000000000000000000000	1	000000000000000000000000000000000000000000000000000000000000000000000000000000000000000000000000000000000000	84	0	0	0	0	0	0	0	0	0	0	0	0	0	0	0	0	0	0	0	0	0	0	0	0	0	0	0	0	0	0	0	0	0	0	0	0	
Live	Consumer Loan	85999	85999	NULL	2025-10-10	NULL	2025-12-01	Individual	0	000000000	NOT DISCLOSED	100384958	Consumer Loan	202601	20260101	78833	2025-12-06	2025-12-01	2025-12-31	000000000	1	000000000000000000000000000000000000000000000000000000000000000000000000000000000000000000000000000000000000	0	0	0	0	0	0	0	0	0	0	0	0	0	0	0	0	0	0	0	0	0	0	0	0	0	0	0	0	0	0	0	0	0	0	0	0	0	
Closed	Consumer Loan	59994	59994	NULL	2022-08-31	2024-11-30	2024-11-01	Individual	0	000000000000000000000000000000000000000000000000000000000000000000000000000000000	NOT DISCLOSED	100384958	Consumer Loan	202601	20260101	0	NULL	2024-11-30	2025-12-31	000000000000000000000000000000000000000000000000000000000000000000000000000000000	1	000000000000000000000000000000000000000000000000000000000000000000000000000000000000000000000000000000000000	13	0	0	0	0	0	0	0	0	0	0	0	0	0	0	0	0	0	0	0	0	0	0	0	0	0	0	0	0	0	0	0	0	0	0	0	0	
Live	Consumer Loan	80000	80000	NULL	2020-06-27	NULL	2025-12-01	Individual	0	000000000000000000000000000000000000000000000000000000000000000000000000000000000000000000000000000000000000	NOT DISCLOSED	100384958	Consumer Loan	202601	20260101	2346	2025-11-06	2025-12-01	2025-12-31	000000000000000000000000000000000000000000000000000000000000000000000000000000000000000000000000000000000000	1	000000000000000000000000000000000000000000000000000000000000000000000000000000000000000000000000000000000000	0	0	0	0	0	0	0	0	0	0	0	0	0	0	0	0	0	0	0	0	0	0	0	0	0	0	0	0	0	0	0	0	0	0	0	0	0	
Live	Consumer Loan	20000	20000	NULL	2020-06-27	NULL	2025-12-01	Individual	0	000000000000000000000000000000000000000000000000000000000000000000000000000000000000000000000000000000000000	NOT DISCLOSED	100384958	Consumer Loan	202601	20260101	586	2025-11-06	2025-12-01	2025-12-31	000000000000000000000000000000000000000000000000000000000000000000000000000000000000000000000000000000000000	1	000000000000000000000000000000000000000000000000000000000000000000000000000000000000000000000000000000000000	0	0	0	0	0	0	0	0	0	0	0	0	0	0	0	0	0	0	0	0	0	0	0	0	0	0	0	0	0	0	0	0	0	0	0	0	0	
Closed	Consumer Loan	18100	18100	NULL	2018-08-26	2019-08-09	2021-03-01	Individual	0	000000000000000000000000000000000000000000000000000000000000000000000000000000000000000000000000	NOT DISCLOSED	100384958	Consumer Loan	202601	20260101	0	2019-07-02	2019-08-09	2025-12-31	000000000000000000000000000000000000000000000000000000000000000000000000000000000000000000000000	1	000000000000000000000000000000000000000000000000000000000000000000000000000000000000000000000000000000000000	76	0	0	0	0	0	0	0	0	0	0	0	0	0	0	0	0	0	0	0	0	0	0	0	0	0	0	0	0	0	0	0	0	0	0	0	0	
Live	Consumer Loan	5000	5000	NULL	2023-04-06	NULL	2025-12-01	Individual	0	000000000000000000000000000000000000000000000000000000000000000000000000000000000000000000000000000	NOT DISCLOSED	100384958	Consumer Loan	202601	20260101	0	NULL	2025-12-01	2025-12-31	000000000000000000000000000000000000000000000000000000000000000000000000000000000000000000000000000	1	000000000000000000000000000000000000000000000000000000000000000000000000000000000000000000000000000000000000	0	0	0	0	0	0	0	0	0	0	0	0	0	0	0	0	0	0	0	0	0	0	0	0	0	0	0	0	0	0	0	0	0	0	0	0	0	
Closed	Consumer Loan	25799	25799	NULL	2023-03-14	2024-03-06	2024-04-01	Individual	0	000000000000000000000000000000000000000000	NOT DISCLOSED	100384958	Consumer Loan	202601	20260101	0	2024-02-02	2024-03-06	2025-12-31	000000000000000000000000000000000000000000	1	000000000000000000000000000000000000000000000000000000000000000000000000000000000000000000000000000000000000	21	0	0	0	0	0	0	0	0	0	0	0	0	0	0	0	0	0	0	0	0	0	0	0	0	0	0	0	0	0	0	0	0	0	0	0	0	
Closed	Consumer Loan	12999	12999	NULL	2022-03-02	2022-09-11	2022-10-01	Individual	0	000000000000000000000000	NOT DISCLOSED	100384958	Consumer Loan	202601	20260101	0	2022-08-02	2022-09-11	2025-12-31	000000000000000000000000	1	000000000000000000000000000000000000000000000000000000000000000000000000000000000000000000000000000000000000	39	0	0	0	0	0	0	0	0	0	0	0	0	0	0	0	0	0	0	0	0	0	0	0	0	0	0	0	0	0	0	0	0	0	0	0	0	
Closed	Consumer Loan	23999	23999	NULL	2019-07-16	2020-02-07	2021-03-01	Individual	0	000000000000000000000000000000000000000000000000000000000000000	NOT DISCLOSED	100384958	Consumer Loan	202601	20260101	0	2020-01-02	2020-02-07	2025-12-31	000000000000000000000000000000000000000000000000000000000000000	1	000000000000000000000000000000000000000000000000000000000000000000000000000000000000000000000000000000000000	70	0	0	0	0	0	0	0	0	0	0	0	0	0	0	0	0	0	0	0	0	0	0	0	0	0	0	0	0	0	0	0	0	0	0	0	0	
Closed	Consumer Loan	29990	29990	NULL	2021-07-29	2022-08-11	2022-09-01	Individual	0	000000000000000000000000000000000000000000000	NOT DISCLOSED	100384958	Consumer Loan	202601	20260101	0	2022-07-02	2022-08-11	2025-12-31	000000000000000000000000000000000000000000000	1	000000000000000000000000000000000000000000000000000000000000000000000000000000000000000000000000000000000000	40	0	0	0	0	0	0	0	0	0	0	0	0	0	0	0	0	0	0	0	0	0	0	0	0	0	0	0	0	0	0	0	0	0	0	0	0	
Closed	Consumer Loan	12990	12990	NULL	2020-02-12	2021-08-31	2021-08-01	Individual	0	000000000000000000000000000000000000000000000000000000000	NOT DISCLOSED	100384958	Consumer Loan	202601	20260101	0	2021-08-31	2021-08-31	2025-12-31	000000000000000000000000000000000000000000000000000000000	1	000000000000000000000000000000000000000000000000000000000000000000000000000000000000000000000000000000000000	52	0	0	0	0	0	0	0	0	0	0	0	0	0	0	0	0	0	0	0	0	0	0	0	0	0	0	0	0	0	0	0	0	0	0	0	0	
Closed	Consumer Loan	106968	106968	NULL	2024-02-10	2024-11-30	2024-11-01	Individual	0	000000000000000000000000000000	NOT DISCLOSED	100384958	Consumer Loan	202601	20260101	0	NULL	2024-11-30	2025-12-31	000000000000000000000000000000	1	000000000000000000000000000000000000000000000000000000000000000000000000000000000000000000000000000000000000	13	0	0	0	0	0	0	0	0	0	0	0	0	0	0	0	0	0	0	0	0	0	0	0	0	0	0	0	0	0	0	0	0	0	0	0	0	
Closed	Consumer Loan	8999	8999	NULL	2022-07-24	2023-02-06	2023-03-01	Individual	0	000000000000000000000000000	NOT DISCLOSED	100384958	Consumer Loan	202601	20260101	0	2023-02-02	2023-02-06	2025-12-31	000000000000000000000000000	1	000000000000000000000000000000000000000000000000000000000000000000000000000000000000000000000000000000000000	34	0	0	0	0	0	0	0	0	0	0	0	0	0	0	0	0	0	0	0	0	0	0	0	0	0	0	0	0	0	0	0	0	0	0	0	0	
Closed	Consumer Loan	90000	90000	NULL	2020-09-06	2025-04-16	2025-04-01	Individual	0	000000000000000000000000000000000000000000000000000000000000000000000000000000000000000000000000000000000000	NOT DISCLOSED	100384958	Consumer Loan	202601	20260101	0	2023-12-01	2025-04-16	2025-12-31	000000000000000000000000000000000000000000000000000000000000000000000000000000000000000000000000000000000000	1	000000000000000000000000000000000000000000000000000000000000000000000000000000000000000000000000000000000000	8	0	0	0	0	0	0	0	0	0	0	0	0	0	0	0	0	0	0	0	0	0	0	0	0	0	0	0	0	0	0	0	0	0	0	0	0	
Closed	Consumer Loan	21185	21185	NULL	2024-06-20	2025-03-05	2025-05-01	Individual	0	000000000000000000000000000000000000	NOT DISCLOSED	100384958	Consumer Loan	202601	20260101	0	2025-03-02	2025-03-05	2025-12-31	000000000000000000000000000000000000	1	000000000000000000000000000000000000000000000000000000000000000000000000000000000000000000000000000000000000	9	0	0	0	0	0	0	0	0	0	0	0	0	0	0	0	0	0	0	0	0	0	0	0	0	0	0	0	0	0	0	0	0	0	0	0	0	
Closed	Consumer Loan	60000	60000	NULL	2023-07-13	2024-11-30	2024-11-01	Individual	0	000000000000000000000000000000000000000000000000000	NOT DISCLOSED	100384958	Consumer Loan	202601	20260101	0	NULL	2024-11-30	2025-12-31	000000000000000000000000000000000000000000000000000	1	000000000000000000000000000000000000000000000000000000000000000000000000000000000000000000000000000000000000	13	0	0	0	0	0	0	0	0	0	0	0	0	0	0	0	0	0	0	0	0	0	0	0	0	0	0	0	0	0	0	0	0	0	0	0	0	
Closed	Consumer Loan	28879	28879	NULL	2022-05-11	2022-11-04	2022-12-01	Individual	0	000000000000000000000000	NOT DISCLOSED	100384958	Consumer Loan	202601	20260101	0	2022-10-02	2022-11-04	2025-12-31	000000000000000000000000	1	000000000000000000000000000000000000000000000000000000000000000000000000000000000000000000000000000000000000	37	0	0	0	0	0	0	0	0	0	0	0	0	0	0	0	0	0	0	0	0	0	0	0	0	0	0	0	0	0	0	0	0	0	0	0	0	
Closed	Consumer Loan	10490	10490	NULL	2022-01-28	2022-08-09	2022-09-01	Individual	0	000000000000000000000000000	NOT DISCLOSED	100384958	Consumer Loan	202601	20260101	0	2022-07-02	2022-08-09	2025-12-31	000000000000000000000000000	1	000000000000000000000000000000000000000000000000000000000000000000000000000000000000000000000000000000000000	40	0	0	0	0	0	0	0	0	0	0	0	0	0	0	0	0	0	0	0	0	0	0	0	0	0	0	0	0	0	0	0	0	0	0	0	0	
Closed	Consumer Loan	17999	17999	NULL	2021-01-09	2021-07-07	2021-08-01	Individual	0	000000000000000000000000	NOT DISCLOSED	100384958	Consumer Loan	202601	20260101	0	2021-07-02	2021-07-07	2025-12-31	000000000000000000000000	1	000000000000000000000000000000000000000000000000000000000000000000000000000000000000000000000000000000000000	53	0	0	0	0	0	0	0	0	0	0	0	0	0	0	0	0	0	0	0	0	0	0	0	0	0	0	0	0	0	0	0	0	0	0	0	0	
Live	Credit Card	2498	2498	400000	2025-01-30	NULL	2025-12-01	Individual	0	000000000000000	NOT DISCLOSED	100384958	Credit Card	202601	20260101	14791	2025-11-22	2025-12-01	2025-12-31	000000000000000	1	000000000000000000000000000000000000000000000000000000000000000000000000000000000000000000000000000000000000	0	0	0	0	0	0	0	0	0	0	0	0	0	0	0	0	0	0	0	0	0	0	0	0	0	0	0	0	0	0	0	0	0	0	0	0	0	
Live	Credit Card	53249	53249	138000	2024-01-22	NULL	2025-12-01	Individual	0	000000000000000000000000000000000000000000000000000000000000000000000000	NOT DISCLOSED	100384958	Credit Card	202601	20260101	9674	2025-12-01	2025-12-01	2025-12-31	000000000000000000000000000000000000000000000000000000000000000000000000	1	000000000000000000000000000000000000000000000000000000000000000000000000000000000000000000000000000000000000	0	0	0	0	0	0	0	0	0	0	0	0	0	0	0	0	0	0	0	0	0	0	0	0	0	0	0	0	0	0	0	0	0	0	0	0	0	
Closed	Credit Card	124872	124872	121000	2019-07-16	2021-02-17	2021-03-01	Individual	0	000XXX000000XXX000XXX000000000000000003XXX000000XXX000XXX000	NOT DISCLOSED	100384958	Credit Card	202601	20260101	0	2021-01-22	2021-02-17	2025-12-31	000000000000000000000000000000000000003000000000000000000000	1	000000000000000000000000000000000000000000000000000000000000000000000000000000000000003000000000000000000000	58	0	0	0	0	0	0	0	3	0	0	0	0	0	0	0	0	0	0	0	0	0	0	0	0	0	0	0	0	0	0	0	0	0	0	0	0	
Closed	Credit Card	0	0	171000	2024-05-15	2024-09-06	2024-12-01	Individual	0	000000000000000000000000	NOT DISCLOSED	100384958	Credit Card	202601	20260101	0	NULL	2024-09-06	2025-12-31	000000000000000000000000	1	000000000000000000000000000000000000000000000000000000000000000000000000000000000000000000000000000000000000	15	0	0	0	0	0	0	0	0	0	0	0	0	0	0	0	0	0	0	0	0	0	0	0	0	0	0	0	0	0	0	0	0	0	0	0	0	
Live	Credit Card	0	0	500000	2025-04-29	NULL	2025-05-01	Individual	0	000000	KOTAK BANK	100384958	Credit Card	202601	20260101	0	NULL	2025-05-01	2025-12-31	000000	0	000000000000000000000000000000000000000000000000000000000000000000000000000000000000000000000000000000000000	7	0	0	0	0	0	0	0	0	0	0	0	0	0	0	0	0	0	0	0	0	0	0	0	0	0	0	0	0	0	0	0	0	0	0	0	0	
Live	Credit Card	124872	124872	121000	2019-07-16	NULL	2025-12-01	Individual	0	000000000000000000000000000000000000000XXX000XXX000000XXX000XXX000XXX000000XXX000XXXXXX000XXX000XXX000XXX000	NOT DISCLOSED	100384958	Credit Card	202601	20260101	94135	2025-11-10	2025-12-01	2025-12-31	000000000000000000000000000000000000000000000000000000000000000000000000000000000000000000000000000000000000	1	000000000000000000000000000000000000000000000000000000000000000000000000000000000000000000000000000000000000	0	0	0	0	0	0	0	0	0	0	0	0	0	0	0	0	0	0	0	0	0	0	0	0	0	0	0	0	0	0	0	0	0	0	0	0	0	
Live	Credit Card	170275	170275	171000	2017-07-17	NULL	2025-12-01	Individual	0	000000000000000000000000000000000000000000000000000000000000000000000000000000000000000000000000000000000000	NOT DISCLOSED	100384958	Credit Card	202601	20260101	31373	2025-12-01	2025-12-01	2025-12-31	000000000000000000000000000000000000000000000000000000000000000000000000000000000000000000000000000000000000	1	000000000000000000000000000000000000000000000000000000000000000000000000000000000000000000000000000000000000	0	0	0	0	0	0	0	0	0	0	0	0	0	0	0	0	0	0	0	0	0	0	0	0	0	0	0	0	0	0	0	0	0	0	0	0	0	
Live	Credit Card	174142	174142	102000	2016-10-15	NULL	2025-12-01	Individual	0	000000000000000000000000000000000000000000000000000000000000000000XXX000000000000000000000000003000000XXX000	NOT DISCLOSED	100384958	Credit Card	202601	20260101	70216	2025-11-11	2025-12-01	2025-12-31	000000000000000000000000000000000000000000000000000000000000000000000000000000000000000000000003000000000000	1	000000000000000000000000000000000000000000000000000000000000000000000000000000000000000000000003000000000000	0	0	0	0	0	3	0	0	0	0	0	0	0	0	0	0	0	0	0	0	0	0	0	0	0	0	0	0	0	0	0	0	0	0	0	0	0	
Closed	Credit Card	93404	93404	300000	2021-07-14	2024-11-11	2024-11-01	Individual	0	000000000000000000000000000000000000000000000000000000000000000000000000000000000000000000000000000000000000	KOTAK BANK	100384958	Credit Card	202601	20260101	0	2024-11-08	2024-11-11	2025-12-31	000000000000000000000000000000000000000000000000000000000000000000000000000000000000000000000000000000000000	1	000000000000000000000000000000000000000000000000000000000000000000000000000000000000000000000000000000000000	13	0	0	0	0	0	0	0	0	0	0	0	0	0	0	0	0	0	0	0	0	0	0	0	0	0	0	0	0	0	0	0	0	0	0	0	0	
Live	Credit Card	505023	505023	500000	2015-09-02	NULL	2025-12-01	Individual	0	000000000000000000000000000000000000000000000000000000000000000000000000000000000000000000000000000000000000	KOTAK BANK	100384958	Credit Card	202601	20260101	476499	2025-11-10	2025-12-01	2025-12-31	000000000000000000000000000000000000000000000000000000000000000000000000000000000000000000000000000000000000	1	000000000000000000000000000000000000000000000000000000000000000000000000000000000000000000000000000000000000	0	0	0	0	0	0	0	0	0	0	0	0	0	0	0	0	0	0	0	0	0	0	0	0	0	0	0	0	0	0	0	0	0	0	0	0	0	
Live	Credit Card	99238	99238	100000	2024-05-16	NULL	2025-12-01	Individual	0	000000000000000000000000000000000000000000000000000	NOT DISCLOSED	100384958	Credit Card	202601	20260101	49458	2025-12-01	2025-12-01	2025-12-31	000000000000000000000000000000000000000000000000000	1	000000000000000000000000000000000000000000000000000000000000000000000000000000000000000000000000000000000000	0	0	0	0	0	0	0	0	0	0	0	0	0	0	0	0	0	0	0	0	0	0	0	0	0	0	0	0	0	0	0	0	0	0	0	0	0	
Closed	Credit Card	174142	174142	159000	2016-10-15	2021-08-20	2021-09-01	Individual	0	000000000000003000000XXX000000000000000000000000000000000XXX000000000000003000000000000XXX000XXX000000000000	NOT DISCLOSED	100384958	Credit Card	202601	20260101	0	2021-07-23	2021-08-20	2025-12-31	000000000000003000000000000000000000000000000000000000000000000000000000003000000000000000000000000000000000	1	000000000000003000000000000000000000000000000000000000000000000000000000003000000000000000000000000000000000	52	0	0	0	0	0	0	0	0	0	0	0	3	0	0	0	0	0	0	0	0	0	0	0	0	0	0	0	0	0	0	0	3	0	0	0	0	
Live	Credit Card	349773	349773	358000	2023-04-25	NULL	2025-12-01	Individual	0	000000000000000000000000000000000000000000000000000000000000000000000000000000000000000000000000	NOT DISCLOSED	100384958	Credit Card	202601	20260101	248410	2025-12-01	2025-12-01	2025-12-31	000000000000000000000000000000000000000000000000000000000000000000000000000000000000000000000000	1	000000000000000000000000000000000000000000000000000000000000000000000000000000000000000000000000000000000000	0	0	0	0	0	0	0	0	0	0	0	0	0	0	0	0	0	0	0	0	0	0	0	0	0	0	0	0	0	0	0	0	0	0	0	0	0	
Live	Credit Card	73003	73003	138000	2023-12-18	NULL	2025-12-01	Individual	0	000000000000000000000000000000000000000000000000000000000000000000000000000	NOT DISCLOSED	100384958	Credit Card	202601	20260101	9487	2025-12-01	2025-12-01	2025-12-31	000000000000000000000000000000000000000000000000000000000000000000000000000	1	000000000000000000000000000000000000000000000000000000000000000000000000000000000000000000000000000000000000	0	0	0	0	0	0	0	0	0	0	0	0	0	0	0	0	0	0	0	0	0	0	0	0	0	0	0	0	0	0	0	0	0	0	0	0	0	
Live	Credit Card	500000	500000	500000	2023-10-25	NULL	2025-12-01	Individual	0	000000000000000000000000000000000000000000000000000000000000000000	NOT DISCLOSED	100384958	Credit Card	202601	20260101	319602	2025-11-29	2025-12-01	2025-12-31	000000000000000000000000000000000000000000000000000000000000000000	1	000000000000000000000000000000000000000000000000000000000000000000000000000000000000000000000000000000000000	0	0	0	0	0	0	0	0	0	0	0	0	0	0	0	0	0	0	0	0	0	0	0	0	0	0	0	0	0	0	0	0	0	0	0	0	0	
Live	Credit Card	149293	149293	400000	2024-05-07	NULL	2025-12-01	Individual	0	000000000000000000000000000000000000000000000000000000	NOT DISCLOSED	100384958	Credit Card	202601	20260101	184907	2025-11-10	2025-12-01	2025-12-31	000000000000000000000000000000000000000000000000000000	1	000000000000000000000000000000000000000000000000000000000000000000000000000000000000000000000000000000000000	0	0	0	0	0	0	0	0	0	0	0	0	0	0	0	0	0	0	0	0	0	0	0	0	0	0	0	0	0	0	0	0	0	0	0	0	0	
Live	Credit Card	12955	12955	171000	2024-05-07	NULL	2025-12-01	Individual	0	000000000000000000000000000000000000000000000000000000000000	NOT DISCLOSED	100384958	Credit Card	202601	20260101	1930	2025-12-01	2025-12-01	2025-12-31	000000000000000000000000000000000000000000000000000000000000	1	000000000000000000000000000000000000000000000000000000000000000000000000000000000000000000000000000000000000	0	0	0	0	0	0	0	0	0	0	0	0	0	0	0	0	0	0	0	0	0	0	0	0	0	0	0	0	0	0	0	0	0	0	0	0	0	
Live	Credit Card	5496	5496	400000	2023-09-20	NULL	2025-12-01	Individual	0	000000000000000000000000000000000000000000000000000000000000000000000000000000000	NOT DISCLOSED	100384958	Credit Card	202601	20260101	1499	2025-10-30	2025-12-01	2025-12-31	000000000000000000000000000000000000000000000000000000000000000000000000000000000	1	000000000000000000000000000000000000000000000000000000000000000000000000000000000000000000000000000000000000	0	0	0	0	0	0	0	0	0	0	0	0	0	0	0	0	0	0	0	0	0	0	0	0	0	0	0	0	0	0	0	0	0	0	0	0	0	
Live	Credit Card	25000	25000	25000	2023-09-12	NULL	2025-12-01	Individual	0	000000000000000000000000000000000000000000000000000000000000000000000000000000000000	NOT DISCLOSED	100384958	Credit Card	202601	20260101	0	NULL	2025-12-01	2025-12-31	000000000000000000000000000000000000000000000000000000000000000000000000000000000000	1	000000000000000000000000000000000000000000000000000000000000000000000000000000000000000000000000000000000000	0	0	0	0	0	0	0	0	0	0	0	0	0	0	0	0	0	0	0	0	0	0	0	0	0	0	0	0	0	0	0	0	0	0	0	0	0	
Live	Credit Card	0	0	200000	2025-08-12	NULL	2025-12-01	Individual	0	000000000000000	NOT DISCLOSED	100384958	Credit Card	202601	20260101	0	NULL	2025-12-01	2025-12-31	000000000000000	1	000000000000000000000000000000000000000000000000000000000000000000000000000000000000000000000000000000000000	0	0	0	0	0	0	0	0	0	0	0	0	0	0	0	0	0	0	0	0	0	0	0	0	0	0	0	0	0	0	0	0	0	0	0	0	0	
Closed	GECL Loan Secured	55000	55000	NULL	2020-07-22	2024-11-08	2024-11-01	Individual	0	000000000000000000000000000000STD000000000000000000000000000000000000000000000000000000000000000000000000000	NOT DISCLOSED	100384958	GECL Loan Secured	202601	20260101	0	2024-06-30	2024-11-08	2025-12-31	000000000000000000000000000000000000000000000000000000000000000000000000000000000000000000000000000000000000	1	000000000000000000000000000000000000000000000000000000000000000000000000000000000000000000000000000000000000	13	0	0	0	0	0	0	0	0	0	0	0	0	0	0	0	0	0	0	0	0	0	0	0	0	0	0	0	0	0	0	0	0	0	0	0	0	
Live	GECL Loan Unsecured	30000	30000	NULL	2021-11-09	NULL	2025-12-01	Individual	0	000000000000000000000000000000000000000000000000000000000000000000000STD000000000000000000000000000000000000	NOT DISCLOSED	100384958	GECL Loan Unsecured	202601	20260101	9167	2025-12-09	2025-12-01	2025-12-31	000000000000000000000000000000000000000000000000000000000000000000000000000000000000000000000000000000000000	1	000000000000000000000000000000000000000000000000000000000000000000000000000000000000000000000000000000000000	0	0	0	0	0	0	0	0	0	0	0	0	0	0	0	0	0	0	0	0	0	0	0	0	0	0	0	0	0	0	0	0	0	0	0	0	0	
Closed	Gold Loan	176000	176000	NULL	2023-07-05	2023-10-05	2023-12-01	Individual	0	000000000000000000	NOT DISCLOSED	100384958	Gold Loan	202601	20260101	0	2023-07-05	2023-10-05	2025-12-31	000000000000000000	1	000000000000000000000000000000000000000000000000000000000000000000000000000000000000000000000000000000000000	26	0	0	0	0	0	0	0	0	0	0	0	0	0	0	0	0	0	0	0	0	0	0	0	0	0	0	0	0	0	0	0	0	0	0	0	0	
Closed	Gold Loan	350000	350000	NULL	2020-11-06	2021-11-16	2021-11-01	Individual	0	000000000000000000000000000000000STDSTD	NOT DISCLOSED	100384958	Gold Loan	202601	20260101	0	2021-11-16	2021-11-16	2025-12-31	000000000000000000000000000000000000000	1	000000000000000000000000000000000000000000000000000000000000000000000000000000000000000000000000000000000000	49	0	0	0	0	0	0	0	0	0	0	0	0	0	0	0	0	0	0	0	0	0	0	0	0	0	0	0	0	0	0	0	0	0	0	0	0	
Closed	Gold Loan	55000	55000	NULL	2011-12-29	2012-06-13	2012-06-01	Individual	0	000000000000000000000	NOT DISCLOSED	100384958	Gold Loan	202601	20260101	0	2012-06-13	2012-06-13	2025-12-31	000000000000000000000	1	000000000000000000000000000000000000000000000000000000000000000000000000000000000000000000000000000000000000	162	0	0	0	0	0	0	0	0	0	0	0	0	0	0	0	0	0	0	0	0	0	0	0	0	0	0	0	0	0	0	0	0	0	0	0	0	
Closed	Gold Loan	440000	440000	NULL	2024-11-08	2025-05-14	2025-05-01	Individual	0	000000000000000000000	NOT DISCLOSED	100384958	Gold Loan	202601	20260101	0	2025-05-14	2025-05-14	2025-12-31	000000000000000000000	1	000000000000000000000000000000000000000000000000000000000000000000000000000000000000000000000000000000000000	7	0	0	0	0	0	0	0	0	0	0	0	0	0	0	0	0	0	0	0	0	0	0	0	0	0	0	0	0	0	0	0	0	0	0	0	0	
Closed	Gold Loan	170000	170000	NULL	2015-11-06	2016-06-13	2016-06-01	Individual	0	XXXSTDXXXSTDXXXXXXSTD	NOT DISCLOSED	100384958	Gold Loan	202601	20260101	0	NULL	2016-06-13	2025-12-31	000000000000000000000	1	000000000000000000000000000000000000000000000000000000000000000000000000000000000000000000000000000000000000	114	0	0	0	0	0	0	0	0	0	0	0	0	0	0	0	0	0	0	0	0	0	0	0	0	0	0	0	0	0	0	0	0	0	0	0	0	
Closed	Gold Loan	300000	300000	NULL	2019-11-26	2020-11-06	2020-11-01	Individual	0	STDSTDSTDSTDSTDSTDSTDSTDSTDSTDSTDSTDSTD	NOT DISCLOSED	100384958	Gold Loan	202601	20260101	0	2020-11-06	2020-11-06	2025-12-31	000000000000000000000000000000000000000	1	000000000000000000000000000000000000000000000000000000000000000000000000000000000000000000000000000000000000	61	0	0	0	0	0	0	0	0	0	0	0	0	0	0	0	0	0	0	0	0	0	0	0	0	0	0	0	0	0	0	0	0	0	0	0	0	
Closed	Gold Loan	100000	100000	NULL	2019-11-26	2020-11-10	2020-11-01	Individual	0	STDSTDSTDSTDSTDSTDSTDSTDSTDSTDSTDSTDSTD	NOT DISCLOSED	100384958	Gold Loan	202601	20260101	0	2020-11-10	2020-11-10	2025-12-31	000000000000000000000000000000000000000	1	000000000000000000000000000000000000000000000000000000000000000000000000000000000000000000000000000000000000	61	0	0	0	0	0	0	0	0	0	0	0	0	0	0	0	0	0	0	0	0	0	0	0	0	0	0	0	0	0	0	0	0	0	0	0	0	
Closed	Gold Loan	29000	29000	NULL	2013-09-27	2014-09-26	2014-09-01	Individual	0	000000000000000000000XXX000000000000	NOT DISCLOSED	100384958	Gold Loan	202601	20260101	0	2014-09-26	2014-09-26	2025-12-31	000000000000000000000000000000000000	1	000000000000000000000000000000000000000000000000000000000000000000000000000000000000000000000000000000000000	135	0	0	0	0	0	0	0	0	0	0	0	0	0	0	0	0	0	0	0	0	0	0	0	0	0	0	0	0	0	0	0	0	0	0	0	0	
Closed	Gold Loan	40000	40000	NULL	2013-11-22	2014-10-16	2014-10-01	Individual	0	000000000000000000000000XXX000000000	NOT DISCLOSED	100384958	Gold Loan	202601	20260101	0	2014-10-16	2014-10-16	2025-12-31	000000000000000000000000000000000000	1	000000000000000000000000000000000000000000000000000000000000000000000000000000000000000000000000000000000000	134	0	0	0	0	0	0	0	0	0	0	0	0	0	0	0	0	0	0	0	0	0	0	0	0	0	0	0	0	0	0	0	0	0	0	0	0	
Closed	Gold Loan	165000	165000	NULL	2021-07-17	2022-07-14	2022-09-01	Individual	0	STDSTDSTDSTDSTDSTDSTDSTDSTDSTDSTDSTDSTDSTDSTD	NOT DISCLOSED	100384958	Gold Loan	202601	20260101	0	2021-07-17	2022-07-14	2025-12-31	000000000000000000000000000000000000000000000	1	000000000000000000000000000000000000000000000000000000000000000000000000000000000000000000000000000000000000	41	0	0	0	0	0	0	0	0	0	0	0	0	0	0	0	0	0	0	0	0	0	0	0	0	0	0	0	0	0	0	0	0	0	0	0	0	
Closed	Gold Loan	28000	28000	NULL	2019-02-11	2019-06-11	2019-06-01	Individual	0	000000000000000	NOT DISCLOSED	100384958	Gold Loan	202601	20260101	0	NULL	2019-06-11	2025-12-31	000000000000000	1	000000000000000000000000000000000000000000000000000000000000000000000000000000000000000000000000000000000000	78	0	0	0	0	0	0	0	0	0	0	0	0	0	0	0	0	0	0	0	0	0	0	0	0	0	0	0	0	0	0	0	0	0	0	0	0	
Closed	Gold Loan	30000	30000	NULL	2010-10-28	2011-06-29	2011-06-01	Individual	0	000000000000000000000000000	NOT DISCLOSED	100384958	Gold Loan	202601	20260101	0	2011-06-29	2011-06-29	2025-12-31	000000000000000000000000000	1	000000000000000000000000000000000000000000000000000000000000000000000000000000000000000000000000000000000000	174	0	0	0	0	0	0	0	0	0	0	0	0	0	0	0	0	0	0	0	0	0	0	0	0	0	0	0	0	0	0	0	0	0	0	0	0	
Closed	Gold Loan	75000	75000	NULL	2010-08-17	2011-06-29	2011-06-01	Individual	0	000000000000000000000000000	NOT DISCLOSED	100384958	Gold Loan	202601	20260101	0	2011-06-29	2011-06-29	2025-12-31	000000000000000000000000000	1	000000000000000000000000000000000000000000000000000000000000000000000000000000000000000000000000000000000000	174	0	0	0	0	0	0	0	0	0	0	0	0	0	0	0	0	0	0	0	0	0	0	0	0	0	0	0	0	0	0	0	0	0	0	0	0	
Closed	Gold Loan	100000	100000	NULL	2018-07-03	2019-06-28	2019-06-01	Individual	0	000000000000000000000000000000000000	NOT DISCLOSED	100384958	Gold Loan	202601	20260101	0	NULL	2019-06-28	2025-12-31	000000000000000000000000000000000000	1	000000000000000000000000000000000000000000000000000000000000000000000000000000000000000000000000000000000000	78	0	0	0	0	0	0	0	0	0	0	0	0	0	0	0	0	0	0	0	0	0	0	0	0	0	0	0	0	0	0	0	0	0	0	0	0	
Closed	Gold Loan	55000	55000	NULL	2021-03-02	2021-07-17	2021-09-01	Individual	0	STDSTDSTDSTDSTDSTDSTD	NOT DISCLOSED	100384958	Gold Loan	202601	20260101	0	2021-07-17	2021-07-17	2025-12-31	000000000000000000000	1	000000000000000000000000000000000000000000000000000000000000000000000000000000000000000000000000000000000000	53	0	0	0	0	0	0	0	0	0	0	0	0	0	0	0	0	0	0	0	0	0	0	0	0	0	0	0	0	0	0	0	0	0	0	0	0	
Closed	Gold Loan	165000	165000	NULL	2022-07-14	2023-07-05	2023-09-01	Individual	0	000000000STDSTDSTDSTDSTDSTDSTDSTDSTDSTDSTDSTD	NOT DISCLOSED	100384958	Gold Loan	202601	20260101	0	NULL	2023-07-05	2025-12-31	000000000000000000000000000000000000000000000	1	000000000000000000000000000000000000000000000000000000000000000000000000000000000000000000000000000000000000	29	0	0	0	0	0	0	0	0	0	0	0	0	0	0	0	0	0	0	0	0	0	0	0	0	0	0	0	0	0	0	0	0	0	0	0	0	
Closed	Gold Loan	110000	110000	NULL	2019-06-28	2020-06-18	2020-06-01	Individual	0	000000000000000000000000000000000000000	NOT DISCLOSED	100384958	Gold Loan	202601	20260101	0	NULL	2020-06-18	2025-12-31	000000000000000000000000000000000000000	1	000000000000000000000000000000000000000000000000000000000000000000000000000000000000000000000000000000000000	66	0	0	0	0	0	0	0	0	0	0	0	0	0	0	0	0	0	0	0	0	0	0	0	0	0	0	0	0	0	0	0	0	0	0	0	0	
Closed	Housing Loan	546000	546000	NULL	2021-06-30	2023-07-31	2023-07-01	Joint	0	000000000000000000000000000000000000000000000000000000000000000000000000000000	NOT DISCLOSED	100384958	Home Loan	202601	20260101	0	2023-07-31	2023-07-31	2025-12-31	000000000000000000000000000000000000000000000000000000000000000000000000000000	1	000000000000000000000000000000000000000000000000000000000000000000000000000000000000000000000000000000000000	29	0	0	0	0	0	0	0	0	0	0	0	0	0	0	0	0	0	0	0	0	0	0	0	0	0	0	0	0	0	0	0	0	0	0	0	0	
Closed	Housing Loan	288000	288000	NULL	2012-05-30	2018-09-03	2023-05-01	Individual	0	000000000000000000000000000000000000000000000000000000000000000000000000000000000000000000000000000000000000	NOT DISCLOSED	100384958	Home Loan	202601	20260101	0	2018-09-03	2018-09-03	2025-12-31	000000000000000000000000000000000000000000000000000000000000000000000000000000000000000000000000000000000000	1	000000000000000000000000000000000000000000000000000000000000000000000000000000000000000000000000000000000000	87	0	0	0	0	0	0	0	0	0	0	0	0	0	0	0	0	0	0	0	0	0	0	0	0	0	0	0	0	0	0	0	0	0	0	0	0	
Closed	Housing Loan	645000	645000	NULL	2011-03-07	2021-07-02	2023-05-01	Individual	0	000000000000000000000000000000000000000000000000000000000000000000000000000000000000000000000000000000000000	NOT DISCLOSED	100384958	Home Loan	202601	20260101	0	2021-07-02	2021-07-02	2025-12-31	000000000000000000000000000000000000000000000000000000000000000000000000000000000000000000000000000000000000	1	000000000000000000000000000000000000000000000000000000000000000000000000000000000000000000000000000000000000	53	0	0	0	0	0	0	0	0	0	0	0	0	0	0	0	0	0	0	0	0	0	0	0	0	0	0	0	0	0	0	0	0	0	0	0	0	
Closed	Loan Against Shares/Securities	340000	340000	NULL	2021-11-16	2022-11-15	2022-11-01	Individual	0	000000000000000000000000000000000000000	NOT DISCLOSED	100384958	Loan_against_securities	202601	20260101	0	2022-11-15	2022-11-15	2025-12-31	000000000000000000000000000000000000000	1	000000000000000000000000000000000000000000000000000000000000000000000000000000000000000000000000000000000000	37	0	0	0	0	0	0	0	0	0	0	0	0	0	0	0	0	0	0	0	0	0	0	0	0	0	0	0	0	0	0	0	0	0	0	0	0	
Closed	Other	58000	58000	NULL	2015-01-02	2015-12-31	2015-12-01	Individual	0	000000000XXX000	NOT DISCLOSED	100384958	Other	202601	20260101	0	NULL	2015-12-31	2025-12-31	000000000000000	1	000000000000000000000000000000000000000000000000000000000000000000000000000000000000000000000000000000000000	120	0	0	0	0	0	0	0	0	0	0	0	0	0	0	0	0	0	0	0	0	0	0	0	0	0	0	0	0	0	0	0	0	0	0	0	0	
Closed	Other	54000	54000	NULL	2015-12-31	2016-03-03	2016-03-01	Individual	0	000000000000	NOT DISCLOSED	100384958	Other	202601	20260101	0	NULL	2016-03-03	2025-12-31	000000000000	1	000000000000000000000000000000000000000000000000000000000000000000000000000000000000000000000000000000000000	117	0	0	0	0	0	0	0	0	0	0	0	0	0	0	0	0	0	0	0	0	0	0	0	0	0	0	0	0	0	0	0	0	0	0	0	0	
Closed	Other	97000	97000	NULL	2022-07-13	2023-07-10	2023-07-01	Individual	0	STDSTDSTDSTDSTDSTDSTDSTDSTDSTDSTDSTDSTD	NOT DISCLOSED	100384958	Other	202601	20260101	0	NULL	2023-07-10	2025-12-31	000000000000000000000000000000000000000	1	000000000000000000000000000000000000000000000000000000000000000000000000000000000000000000000000000000000000	29	0	0	0	0	0	0	0	0	0	0	0	0	0	0	0	0	0	0	0	0	0	0	0	0	0	0	0	0	0	0	0	0	0	0	0	0	
Closed	Other	145000	145000	NULL	2022-09-21	2023-09-19	2023-09-01	Individual	0	STDSTDSTDSTDSTDSTDSTDSTDSTDSTDSTDSTDSTD	NOT DISCLOSED	100384958	Other	202601	20260101	0	NULL	2023-09-19	2025-12-31	000000000000000000000000000000000000000	1	000000000000000000000000000000000000000000000000000000000000000000000000000000000000000000000000000000000000	27	0	0	0	0	0	0	0	0	0	0	0	0	0	0	0	0	0	0	0	0	0	0	0	0	0	0	0	0	0	0	0	0	0	0	0	0	
Closed	Other	36000	36000	NULL	2015-11-07	2016-07-12	2016-07-01	Individual	0	000000000000000000000000000	NOT DISCLOSED	100384958	Other	202601	20260101	0	2016-07-12	2016-07-12	2025-12-31	000000000000000000000000000	1	000000000000000000000000000000000000000000000000000000000000000000000000000000000000000000000000000000000000	113	0	0	0	0	0	0	0	0	0	0	0	0	0	0	0	0	0	0	0	0	0	0	0	0	0	0	0	0	0	0	0	0	0	0	0	0	
Closed	Other	82000	82000	NULL	2015-11-05	2016-07-12	2016-07-01	Individual	0	000000000000000000000000000	NOT DISCLOSED	100384958	Other	202601	20260101	0	2016-07-12	2016-07-12	2025-12-31	000000000000000000000000000	1	000000000000000000000000000000000000000000000000000000000000000000000000000000000000000000000000000000000000	113	0	0	0	0	0	0	0	0	0	0	0	0	0	0	0	0	0	0	0	0	0	0	0	0	0	0	0	0	0	0	0	0	0	0	0	0	
Live	Personal Loan	317683	317683	NULL	2024-07-22	NULL	2025-12-01	Individual	0	000000000000000000000000000000000000000000000000000000	NOT DISCLOSED	100384958	Personal Loan	202601	20260101	154433	2025-12-02	2025-12-01	2025-12-31	000000000000000000000000000000000000000000000000000000	1	000000000000000000000000000000000000000000000000000000000000000000000000000000000000000000000000000000000000	0	0	0	0	0	0	0	0	0	0	0	0	0	0	0	0	0	0	0	0	0	0	0	0	0	0	0	0	0	0	0	0	0	0	0	0	0	
Closed	Personal Loan	13000	13000	NULL	2023-07-12	2023-11-06	2023-11-01	Individual	0	000000000000000	NOT DISCLOSED	100384958	Personal Loan	202601	20260101	0	2023-11-06	2023-11-06	2025-12-31	000000000000000	1	000000000000000000000000000000000000000000000000000000000000000000000000000000000000000000000000000000000000	25	0	0	0	0	0	0	0	0	0	0	0	0	0	0	0	0	0	0	0	0	0	0	0	0	0	0	0	0	0	0	0	0	0	0	0	0	
Closed	Personal Loan	28647	28647	NULL	2023-10-07	2024-04-10	2024-04-01	Individual	0	000000000000000000000	NOT DISCLOSED	100384958	Personal Loan	202601	20260101	0	2024-04-03	2024-04-10	2025-12-31	000000000000000000000	1	000000000000000000000000000000000000000000000000000000000000000000000000000000000000000000000000000000000000	20	0	0	0	0	0	0	0	0	0	0	0	0	0	0	0	0	0	0	0	0	0	0	0	0	0	0	0	0	0	0	0	0	0	0	0	0	
Closed	Personal Loan	150000	150000	NULL	2023-11-07	2025-01-10	2025-01-01	Individual	0	000000000000000000000000000000000000000000000	NOT DISCLOSED	100384958	Personal Loan	202601	20260101	0	2025-01-10	2025-01-10	2025-12-31	000000000000000000000000000000000000000000000	1	000000000000000000000000000000000000000000000000000000000000000000000000000000000000000000000000000000000000	11	0	0	0	0	0	0	0	0	0	0	0	0	0	0	0	0	0	0	0	0	0	0	0	0	0	0	0	0	0	0	0	0	0	0	0	0	
Closed	Personal Loan	303000	303000	NULL	2022-05-12	2024-07-22	2024-08-01	Individual	0	000000000000000000000000000000000000000000000000000000000000000000000000000000000000	NOT DISCLOSED	100384958	Personal Loan	202601	20260101	0	2024-07-22	2024-07-22	2025-12-31	000000000000000000000000000000000000000000000000000000000000000000000000000000000000	1	000000000000000000000000000000000000000000000000000000000000000000000000000000000000000000000000000000000000	17	0	0	0	0	0	0	0	0	0	0	0	0	0	0	0	0	0	0	0	0	0	0	0	0	0	0	0	0	0	0	0	0	0	0	0	0	
Live	Personal Loan	300000	300000	NULL	2024-02-21	NULL	2025-12-01	Individual	0	000000000000000000000000000000000000000000000000000000000000000000000	NOT DISCLOSED	100384958	Personal Loan	202601	20260101	183212	2025-12-04	2025-12-01	2025-12-31	000000000000000000000000000000000000000000000000000000000000000000000	1	000000000000000000000000000000000000000000000000000000000000000000000000000000000000000000000000000000000000	0	0	0	0	0	0	0	0	0	0	0	0	0	0	0	0	0	0	0	0	0	0	0	0	0	0	0	0	0	0	0	0	0	0	0	0	0	
Live	Personal Loan	120000	120000	NULL	2025-10-06	NULL	2025-12-01	Individual	0	000000000	NOT DISCLOSED	100384958	Personal Loan	202601	20260101	107014	2025-12-08	2025-12-01	2025-12-31	000000000	1	000000000000000000000000000000000000000000000000000000000000000000000000000000000000000000000000000000000000	0	0	0	0	0	0	0	0	0	0	0	0	0	0	0	0	0	0	0	0	0	0	0	0	0	0	0	0	0	0	0	0	0	0	0	0	0	
Live	Personal Loan	30000	30000	NULL	2025-10-06	NULL	2025-12-01	Individual	0	000000000	NOT DISCLOSED	100384958	Personal Loan	202601	20260101	26754	2025-12-08	2025-12-01	2025-12-31	000000000	1	000000000000000000000000000000000000000000000000000000000000000000000000000000000000000000000000000000000000	0	0	0	0	0	0	0	0	0	0	0	0	0	0	0	0	0	0	0	0	0	0	0	0	0	0	0	0	0	0	0	0	0	0	0	0	0	
Live	Personal Loan	100000	100000	NULL	2025-01-12	NULL	2025-12-01	Individual	0	000000000000000000000000000000000000	NOT DISCLOSED	100384958	Personal Loan	202601	20260101	8685	2025-12-06	2025-12-01	2025-12-31	000000000000000000000000000000000000	1	000000000000000000000000000000000000000000000000000000000000000000000000000000000000000000000000000000000000	0	0	0	0	0	0	0	0	0	0	0	0	0	0	0	0	0	0	0	0	0	0	0	0	0	0	0	0	0	0	0	0	0	0	0	0	0	
Closed	Personal Loan	25000	25000	NULL	2005-07-07	2010-07-26	2010-07-01	Individual	0	000000000000XXX000000000000000000000000000054054024000000XXX000061030055024023XXX030XXX022024024000000000024	NOT DISCLOSED	100384958	Personal Loan	202601	20260101	0	2010-07-26	2010-07-26	2025-12-31	000000000000000000000000000000000000000000054054024000000000000061030055024023000030000022024024000000000024	1	000000000000000000000000000000000000000000054054024000000000000061030055024023000030000022024024000000000024	185	24	0	0	0	24	24	22	0	30	0	23	24	55	30	61	0	0	0	0	24	54	54	0	0	0	0	0	0	0	0	0	0	0	0	0	0	
Closed	Personal Loan	50000	50000	NULL	2023-04-06	2024-08-06	2024-08-01	Individual	0	000000000000000000000000000000000000000000000000000	NOT DISCLOSED	100384958	Personal Loan	202601	20260101	0	2024-08-06	2024-08-06	2025-12-31	000000000000000000000000000000000000000000000000000	1	000000000000000000000000000000000000000000000000000000000000000000000000000000000000000000000000000000000000	16	0	0	0	0	0	0	0	0	0	0	0	0	0	0	0	0	0	0	0	0	0	0	0	0	0	0	0	0	0	0	0	0	0	0	0	0	
Closed	Personal Loan	13690	13690	NULL	2022-09-05	2023-09-16	2023-09-01	Individual	0	000000000000000000000000000000000000000	NOT DISCLOSED	100384958	Personal Loan	202601	20260101	0	2023-09-09	2023-09-16	2025-12-31	000000000000000000000000000000000000000	1	000000000000000000000000000000000000000000000000000000000000000000000000000000000000000000000000000000000000	27	0	0	0	0	0	0	0	0	0	0	0	0	0	0	0	0	0	0	0	0	0	0	0	0	0	0	0	0	0	0	0	0	0	0	0	0	
Closed	Personal Loan	100000	100000	NULL	2020-01-04	2022-05-11	2022-06-01	Individual	0	000000000000000000000000000000000000000000000000000000000000000000000000000000000000000000	NOT DISCLOSED	100384958	Personal Loan	202601	20260101	0	2022-04-02	2022-05-11	2025-12-31	000000000000000000000000000000000000000000000000000000000000000000000000000000000000000000	1	000000000000000000000000000000000000000000000000000000000000000000000000000000000000000000000000000000000000	43	0	0	0	0	0	0	0	0	0	0	0	0	0	0	0	0	0	0	0	0	0	0	0	0	0	0	0	0	0	0	0	0	0	0	0	0	
Closed	Priority Sector - Gold Loan	145000	145000	NULL	2024-07-04	2025-02-26	2025-02-01	Individual	0	STD000000000000000000000	NOT DISCLOSED	100384958	Priority Sector - Gold Loan	202601	20260101	0	NULL	2025-02-26	2025-12-31	000000000000000000000000	1	000000000000000000000000000000000000000000000000000000000000000000000000000000000000000000000000000000000000	10	0	0	0	0	0	0	0	0	0	0	0	0	0	0	0	0	0	0	0	0	0	0	0	0	0	0	0	0	0	0	0	0	0	0	0	0	
Closed	Priority Sector - Gold Loan	49000	49000	NULL	2024-03-11	2025-02-26	2025-02-01	Individual	0	STD000000000000000000000000000000000	NOT DISCLOSED	100384958	Priority Sector - Gold Loan	202601	20260101	0	NULL	2025-02-26	2025-12-31	000000000000000000000000000000000000	1	000000000000000000000000000000000000000000000000000000000000000000000000000000000000000000000000000000000000	10	0	0	0	0	0	0	0	0	0	0	0	0	0	0	0	0	0	0	0	0	0	0	0	0	0	0	0	0	0	0	0	0	0	0	0	0	
Live	Priority Sector - Gold Loan	220000	220000	NULL	2025-05-14	NULL	2025-12-01	Individual	0	000000000000000000000000	NOT DISCLOSED	100384958	Priority Sector - Gold Loan	202601	20260101	231035	NULL	2025-12-01	2025-12-31	000000000000000000000000	1	000000000000000000000000000000000000000000000000000000000000000000000000000000000000000000000000000000000000	0	0	0	0	0	0	0	0	0	0	0	0	0	0	0	0	0	0	0	0	0	0	0	0	0	0	0	0	0	0	0	0	0	0	0	0	0	
Closed	Priority Sector - Gold Loan	370000	370000	NULL	2022-11-15	2023-11-10	2023-11-01	Individual	0	000000000000000000000000STD000000000000	NOT DISCLOSED	100384958	Priority Sector - Gold Loan	202601	20260101	0	2023-11-10	2023-11-10	2025-12-31	000000000000000000000000000000000000000	1	000000000000000000000000000000000000000000000000000000000000000000000000000000000000000000000000000000000000	25	0	0	0	0	0	0	0	0	0	0	0	0	0	0	0	0	0	0	0	0	0	0	0	0	0	0	0	0	0	0	0	0	0	0	0	0	
Live	Priority Sector - Gold Loan	251000	251000	NULL	2025-02-26	NULL	2025-12-01	Individual	0	000000000000000000000000000000STD	NOT DISCLOSED	100384958	Priority Sector - Gold Loan	202601	20260101	263447	NULL	2025-12-01	2025-12-31	000000000000000000000000000000000	1	000000000000000000000000000000000000000000000000000000000000000000000000000000000000000000000000000000000000	0	0	0	0	0	0	0	0	0	0	0	0	0	0	0	0	0	0	0	0	0	0	0	0	0	0	0	0	0	0	0	0	0	0	0	0	0	
Closed	Priority Sector - Gold Loan	175000	175000	NULL	2023-09-19	2024-03-11	2024-03-01	Individual	0	000XXXSTDSTDSTDSTDSTD	NOT DISCLOSED	100384958	Priority Sector - Gold Loan	202601	20260101	0	NULL	2024-03-11	2025-12-31	000000000000000000000	1	000000000000000000000000000000000000000000000000000000000000000000000000000000000000000000000000000000000000	21	0	0	0	0	0	0	0	0	0	0	0	0	0	0	0	0	0	0	0	0	0	0	0	0	0	0	0	0	0	0	0	0	0	0	0	0	
Live	Priority Sector - Gold Loan	342000	342000	NULL	2025-05-14	NULL	2025-12-01	Individual	0	000000000000000000000000	NOT DISCLOSED	100384958	Priority Sector - Gold Loan	202601	20260101	359154	NULL	2025-12-01	2025-12-31	000000000000000000000000	1	000000000000000000000000000000000000000000000000000000000000000000000000000000000000000000000000000000000000	0	0	0	0	0	0	0	0	0	0	0	0	0	0	0	0	0	0	0	0	0	0	0	0	0	0	0	0	0	0	0	0	0	0	0	0	0	
Live	Priority Sector - Gold Loan	193000	193000	NULL	2025-02-26	NULL	2025-12-01	Individual	0	000000000000000000000000000000STD	NOT DISCLOSED	100384958	Priority Sector - Gold Loan	202601	20260101	202571	NULL	2025-12-01	2025-12-31	000000000000000000000000000000000	1	000000000000000000000000000000000000000000000000000000000000000000000000000000000000000000000000000000000000	0	0	0	0	0	0	0	0	0	0	0	0	0	0	0	0	0	0	0	0	0	0	0	0	0	0	0	0	0	0	0	0	0	0	0	0	0	
Closed	Priority Sector - Gold Loan	56000	56000	NULL	2023-11-02	2024-10-24	2024-10-01	Individual	0	000000000000000000000000STDSTDSTDSTD	NOT DISCLOSED	100384958	Priority Sector - Gold Loan	202601	20260101	0	NULL	2024-10-24	2025-12-31	000000000000000000000000000000000000	1	000000000000000000000000000000000000000000000000000000000000000000000000000000000000000000000000000000000000	14	0	0	0	0	0	0	0	0	0	0	0	0	0	0	0	0	0	0	0	0	0	0	0	0	0	0	0	0	0	0	0	0	0	0	0	0	
Closed	Priority Sector - Gold Loan	390000	390000	NULL	2023-11-10	2024-11-08	2024-11-01	Individual	0	000000000000000000000000000000STD000000	NOT DISCLOSED	100384958	Priority Sector - Gold Loan	202601	20260101	0	2024-11-08	2024-11-08	2025-12-31	000000000000000000000000000000000000000	1	000000000000000000000000000000000000000000000000000000000000000000000000000000000000000000000000000000000000	13	0	0	0	0	0	0	0	0	0	0	0	0	0	0	0	0	0	0	0	0	0	0	0	0	0	0	0	0	0	0	0	0	0	0	0	0	
Closed	Priority Sector - Gold Loan	130000	130000	NULL	2023-07-10	2024-07-04	2024-07-01	Individual	0	000000000000000STDSTDSTDSTDSTDSTDSTDSTD	NOT DISCLOSED	100384958	Priority Sector - Gold Loan	202601	20260101	0	NULL	2024-07-04	2025-12-31	000000000000000000000000000000000000000	1	000000000000000000000000000000000000000000000000000000000000000000000000000000000000000000000000000000000000	17	0	0	0	0	0	0	0	0	0	0	0	0	0	0	0	0	0	0	0	0	0	0	0	0	0	0	0	0	0	0	0	0	0	0	0	0	
Closed	Property Loan	40000	40000	NULL	2021-06-30	2022-06-30	2023-03-01	Joint	0	000000000000000000000000XXXXXX030000000000000000000000000030000000	LICENCECANCELLED	100384958	Property Loan	202601	20260101	0	2022-06-20	2022-06-30	2025-12-31	000000000000000000000000000000030000000000000000000000000030000000	1	000000000000000000000000000000000000000000000000000000000000000000000000030000000000000000000000000030000000	42	0	0	30	0	0	0	0	0	0	0	0	30	0	0	0	0	0	0	0	0	0	0	0	0	0	0	0	0	0	0	0	0	0	0	0	0	
Closed	Property Loan	718000	718000	NULL	2021-06-30	2023-07-31	2023-07-01	Joint	0	000000000000000000000000000000000000000000000000000000000000000000000000000000	NOT DISCLOSED	100384958	Property Loan	202601	20260101	0	2023-07-31	2023-07-31	2025-12-31	000000000000000000000000000000000000000000000000000000000000000000000000000000	1	000000000000000000000000000000000000000000000000000000000000000000000000000000000000000000000000000000000000	29	0	0	0	0	0	0	0	0	0	0	0	0	0	0	0	0	0	0	0	0	0	0	0	0	0	0	0	0	0	0	0	0	0	0	0	0	
Closed	Property Loan	800000	800000	NULL	2016-06-08	2021-07-02	2023-05-01	Individual	0	000000000000000000000000000000000000000000000000000000000000000000000000000000000000000000000000000000000000	NOT DISCLOSED	100384958	Property Loan	202601	20260101	0	2021-07-02	2021-07-02	2025-12-31	000000000000000000000000000000000000000000000000000000000000000000000000000000000000000000000000000000000000	1	000000000000000000000000000000000000000000000000000000000000000000000000000000000000000000000000000000000000	53	0	0	0	0	0	0	0	0	0	0	0	0	0	0	0	0	0	0	0	0	0	0	0	0	0	0	0	0	0	0	0	0	0	0	0	0	
Closed	Short Term Personal Loan	10000	10000	NULL	2025-01-10	2025-10-05	2025-10-01	Individual	0	000000000000000000000000000000	NOT DISCLOSED	100384958	Short Term Personal Loan	202601	20260101	0	2025-10-05	2025-10-05	2025-12-31	000000000000000000000000000000	1	000000000000000000000000000000000000000000000000000000000000000000000000000000000000000000000000000000000000	2	0	0	0	0	0	0	0	0	0	0	0	0	0	0	0	0	0	0	0	0	0	0	0	0	0	0	0	0	0	0	0	0	0	0	0	0	
Closed	Short Term Personal Loan	40000	40000	NULL	2025-01-10	2025-10-05	2025-10-01	Individual	0	000000000000000000000000000000	NOT DISCLOSED	100384958	Short Term Personal Loan	202601	20260101	0	2025-10-05	2025-10-05	2025-12-31	000000000000000000000000000000	1	000000000000000000000000000000000000000000000000000000000000000000000000000000000000000000000000000000000000	2	0	0	0	0	0	0	0	0	0	0	0	0	0	0	0	0	0	0	0	0	0	0	0	0	0	0	0	0	0	0	0	0	0	0	0	0	
Closed	Two-wheeler Loan	50000	50000	NULL	2018-10-20	2020-03-29	2020-04-01	Individual	0	000000000000000000000000000000000000000000000000000000	NOT DISCLOSED	100384958	Two-wheeler Loan	202601	20260101	0	2020-03-21	2020-03-29	2025-12-31	000000000000000000000000000000000000000000000000000000	1	000000000000000000000000000000000000000000000000000000000000000000000000000000000000000000000000000000000000	69	0	0	0	0	0	0	0	0	0	0	0	0	0	0	0	0	0	0	0	0	0	0	0	0	0	0	0	0	0	0	0	0	0	0	0	0	
Closed	Two-wheeler Loan	66000	66000	NULL	2016-10-22	2018-10-10	2018-10-01	Individual	0	000000000000000000000000000000000000000000000000039010000000000000000000	NOT DISCLOSED	100384958	Two-wheeler Loan	202601	20260101	0	2018-09-21	2018-10-10	2025-12-31	000000000000000000000000000000000000000000000000039010000000000000000000	1	000000000000000000000000000000000000000000000000000000000000000000000000000000000000039010000000000000000000	86	0	0	0	0	0	0	10	39	0	0	0	0	0	0	0	0	0	0	0	0	0	0	0	0	0	0	0	0	0	0	0	0	0	0	0	0	
Closed	Used Car Loan	238581	238581	NULL	2018-08-16	2020-11-27	2020-11-01	Individual	0	000000000000000000000000000000000000000000000000000000000000000000000000000000000000	NOT DISCLOSED	100384958	Used Car Loan	202601	20260101	0	2020-11-27	2020-11-27	2025-12-31	000000000000000000000000000000000000000000000000000000000000000000000000000000000000	1	000000000000000000000000000000000000000000000000000000000000000000000000000000000000000000000000000000000000	61	0	0	0	0	0	0	0	0	0	0	0	0	0	0	0	0	0	0	0	0	0	0	0	0	0	0	0	0	0	0	0	0	0	0	0	0	
Live	Used Car Loan	1151296	1151296	NULL	2023-07-21	NULL	2025-12-01	Individual	0	000000000000000000000000000000000000000000000000000000000000000000000000000000000000000000	KOTAK PRIME	100384958	Used Car Loan	202601	20260101	724771	2025-12-01	2025-12-01	2025-12-31	000000000000000000000000000000000000000000000000000000000000000000000000000000000000000000	1	000000000000000000000000000000000000000000000000000000000000000000000000000000000000000000000000000000000000	0	0	0	0	0	0	0	0	0	0	0	0	0	0	0	0	0	0	0	0	0	0	0	0	0	0	0	0	0	0	0	0	0	0	0	0	0	
Closed	Auto Loan (Personal)	538950	538950	NULL	2017-04-17	2020-11-27	2020-11-01	Individual	0	000000000000000000000000000000000000000000000000000000000000000000000000000000000000000000000000000000000000	NOT DISCLOSED	100384958	Auto Loan	202601	20260101	0	2020-11-27	2020-11-27	2025-12-31	000000000000000000000000000000000000000000000000000000000000000000000000000000000000000000000000000000000000	1	000000000000000000000000000000000000000000000000000000000000000000000000000000000000000000000000000000000000	61	0	0	0	0	0	0	0	0	0	0	0	0	0	0	0	0	0	0	0	0	0	0	0	0	0	0	0	0	0	0	0	0	0	0	0	0	
